Organisation Name,Datafeed ID,% AVL to Timetables feed matching score,Latest matching report URL
Delaine Buses,681,15.0,https://publish.bus-data.dft.gov.uk/org/28/dataset/avl/681/download-matching-report/
Hams Travel,684,0.0,https://publish.bus-data.dft.gov.uk/org/78/dataset/avl/684/download-matching-report/
Arriva UK Bus,705,96.0,https://publish.bus-data.dft.gov.uk/org/63/dataset/avl/705/download-matching-report/
Arriva UK Bus,706,97.0,https://publish.bus-data.dft.gov.uk/org/63/dataset/avl/706/download-matching-report/
Arriva UK Bus,707,98.0,https://publish.bus-data.dft.gov.uk/org/63/dataset/avl/707/download-matching-report/
Arriva UK Bus,708,97.0,https://publish.bus-data.dft.gov.uk/org/63/dataset/avl/708/download-matching-report/
Arriva UK Bus,709,98.0,https://publish.bus-data.dft.gov.uk/org/63/dataset/avl/709/download-matching-report/
Arriva UK Bus,710,98.0,https://publish.bus-data.dft.gov.uk/org/63/dataset/avl/710/download-matching-report/
Arriva UK Bus,712,98.0,https://publish.bus-data.dft.gov.uk/org/63/dataset/avl/712/download-matching-report/
Metroline Travel,738,0.0,https://publish.bus-data.dft.gov.uk/org/24/dataset/avl/738/download-matching-report/
York Pullman Bus Company,781,71.0,https://publish.bus-data.dft.gov.uk/org/254/dataset/avl/781/download-matching-report/
Go-Ahead,783,92.0,https://publish.bus-data.dft.gov.uk/org/10/dataset/avl/783/download-matching-report/
Ambassador Travel,795,60.0,https://publish.bus-data.dft.gov.uk/org/199/dataset/avl/795/download-matching-report/
Tyrers Coaches,833,60.0,https://publish.bus-data.dft.gov.uk/org/220/dataset/avl/833/download-matching-report/
Border Bus,862,84.0,https://publish.bus-data.dft.gov.uk/org/46/dataset/avl/862/download-matching-report/
Lynx,640,98.0,https://publish.bus-data.dft.gov.uk/org/33/dataset/avl/640/download-matching-report/
E Stott & Sons Ltd,937,75.0,https://publish.bus-data.dft.gov.uk/org/287/dataset/avl/937/download-matching-report/
CT4N Ltd,938,100.0,https://publish.bus-data.dft.gov.uk/org/224/dataset/avl/938/download-matching-report/
Suffolk Norse,1057,,
Henry Cooper Coaches,1070,,
Red Eagle,1095,0.0,https://publish.bus-data.dft.gov.uk/org/255/dataset/avl/1095/download-matching-report/
DRM Coaches,1154,0.0,https://publish.bus-data.dft.gov.uk/org/31/dataset/avl/1154/download-matching-report/
tallyho coaches,1187,59.0,https://publish.bus-data.dft.gov.uk/org/227/dataset/avl/1187/download-matching-report/
Bullocks Coaches,1203,,
Phoenix Taxis & Minicoaches,1209,0.0,https://publish.bus-data.dft.gov.uk/org/565/dataset/avl/1209/download-matching-report/
Axe Valley Mini Travel,1253,10.0,https://publish.bus-data.dft.gov.uk/org/222/dataset/avl/1253/download-matching-report/
Finches,1305,,
LMS Travel,1312,72.0,https://publish.bus-data.dft.gov.uk/org/168/dataset/avl/1312/download-matching-report/
Roberts Travel Group,1330,95.0,https://publish.bus-data.dft.gov.uk/org/153/dataset/avl/1330/download-matching-report/
OTS,1381,40.0,https://publish.bus-data.dft.gov.uk/org/495/dataset/avl/1381/download-matching-report/
Redline Buses,1388,41.0,https://publish.bus-data.dft.gov.uk/org/112/dataset/avl/1388/download-matching-report/
Go Goodwins Coaches Ltd,1431,,
Brylaine Travel,1436,37.0,https://publish.bus-data.dft.gov.uk/org/89/dataset/avl/1436/download-matching-report/
Maghull Coaches,1496,,
Stringers Pontefract Motorways,1587,35.0,https://publish.bus-data.dft.gov.uk/org/575/dataset/avl/1587/download-matching-report/
Cruisers,1603,0.0,https://publish.bus-data.dft.gov.uk/org/233/dataset/avl/1603/download-matching-report/
Hopleys Coaches,1610,81.0,https://publish.bus-data.dft.gov.uk/org/478/dataset/avl/1610/download-matching-report/
Jim Hughes Coaches,1674,26.0,https://publish.bus-data.dft.gov.uk/org/289/dataset/avl/1674/download-matching-report/
Stagecoach,1692,36.0,https://publish.bus-data.dft.gov.uk/org/15/dataset/avl/1692/download-matching-report/
Stagecoach,1695,81.0,https://publish.bus-data.dft.gov.uk/org/15/dataset/avl/1695/download-matching-report/
Kirkby Lonsdale Coaches,1739,57.0,https://publish.bus-data.dft.gov.uk/org/210/dataset/avl/1739/download-matching-report/
Cumbria Classic Coaches,1750,16.0,https://publish.bus-data.dft.gov.uk/org/206/dataset/avl/1750/download-matching-report/
Simonds CountryLink,1753,66.0,https://publish.bus-data.dft.gov.uk/org/175/dataset/avl/1753/download-matching-report/
Hattons Transport Ltd,1789,,
Landflight,1792,50.0,https://publish.bus-data.dft.gov.uk/org/174/dataset/avl/1792/download-matching-report/
Huyton Travel,1793,0.0,https://publish.bus-data.dft.gov.uk/org/555/dataset/avl/1793/download-matching-report/
Marshalls of Sutton on Trent,1814,,
Hodgson Coach Operators,1851,0.0,https://publish.bus-data.dft.gov.uk/org/527/dataset/avl/1851/download-matching-report/
Select Bus Services,1982,0.0,https://publish.bus-data.dft.gov.uk/org/23/dataset/avl/1982/download-matching-report/
Stanley Travel,2063,0.0,https://publish.bus-data.dft.gov.uk/org/574/dataset/avl/2063/download-matching-report/
Reays Coaches,2064,0.0,https://publish.bus-data.dft.gov.uk/org/214/dataset/avl/2064/download-matching-report/
Travel Cornwall,2285,88.0,https://publish.bus-data.dft.gov.uk/org/519/dataset/avl/2285/download-matching-report/
Littles Travel,2308,0.0,https://publish.bus-data.dft.gov.uk/org/195/dataset/avl/2308/download-matching-report/
Dartline Coaches,2392,37.0,https://publish.bus-data.dft.gov.uk/org/66/dataset/avl/2392/download-matching-report/
Olympia Travel UK ltd,2483,0.0,https://publish.bus-data.dft.gov.uk/org/619/dataset/avl/2483/download-matching-report/
Filers Travel Limited,2492,0.0,https://publish.bus-data.dft.gov.uk/org/226/dataset/avl/2492/download-matching-report/
Banga Buses,2519,36.0,https://publish.bus-data.dft.gov.uk/org/47/dataset/avl/2519/download-matching-report/
NBM Hire,2598,85.0,https://publish.bus-data.dft.gov.uk/org/213/dataset/avl/2598/download-matching-report/
Nick Maddy Coaches,2731,0.0,https://publish.bus-data.dft.gov.uk/org/70/dataset/avl/2731/download-matching-report/
A2B Travel (UK) Limited,2818,0.0,https://publish.bus-data.dft.gov.uk/org/177/dataset/avl/2818/download-matching-report/
Travel Masters,2837,0.0,https://publish.bus-data.dft.gov.uk/org/580/dataset/avl/2837/download-matching-report/
Weardale Motor Services,2860,0.0,https://publish.bus-data.dft.gov.uk/org/583/dataset/avl/2860/download-matching-report/
Torbay Buses,2886,28.0,https://publish.bus-data.dft.gov.uk/org/335/dataset/avl/2886/download-matching-report/
Libra Travel,2888,91.0,https://publish.bus-data.dft.gov.uk/org/484/dataset/avl/2888/download-matching-report/
First Bus,699,57.0,https://publish.bus-data.dft.gov.uk/org/16/dataset/avl/699/download-matching-report/
First Bus,693,55.0,https://publish.bus-data.dft.gov.uk/org/16/dataset/avl/693/download-matching-report/
First Bus,694,86.0,https://publish.bus-data.dft.gov.uk/org/16/dataset/avl/694/download-matching-report/
Selwyn's Travel,2969,0.0,https://publish.bus-data.dft.gov.uk/org/552/dataset/avl/2969/download-matching-report/
Al's Coaches,3138,0.0,https://publish.bus-data.dft.gov.uk/org/535/dataset/avl/3138/download-matching-report/
Viking Coaches,3222,0.0,https://publish.bus-data.dft.gov.uk/org/581/dataset/avl/3222/download-matching-report/
Blueworks Taxis Ltd,3279,0.0,https://publish.bus-data.dft.gov.uk/org/205/dataset/avl/3279/download-matching-report/
Yeomans Travel,3334,0.0,https://publish.bus-data.dft.gov.uk/org/192/dataset/avl/3334/download-matching-report/
Blackpool Transport,3349,0.0,https://publish.bus-data.dft.gov.uk/org/29/dataset/avl/3349/download-matching-report/
First Bus,2920,79.0,https://publish.bus-data.dft.gov.uk/org/16/dataset/avl/2920/download-matching-report/
Glen Valley Tours,3410,0.0,https://publish.bus-data.dft.gov.uk/org/704/dataset/avl/3410/download-matching-report/
Linden Holdings (Devon) Ltd,3424,46.0,https://publish.bus-data.dft.gov.uk/org/726/dataset/avl/3424/download-matching-report/
Cotswold Green,3439,0.0,https://publish.bus-data.dft.gov.uk/org/334/dataset/avl/3439/download-matching-report/
Travelsure,3500,,
Western Dales Bus,3566,0.0,https://publish.bus-data.dft.gov.uk/org/660/dataset/avl/3566/download-matching-report/
Frome Bus,3587,27.0,https://publish.bus-data.dft.gov.uk/org/470/dataset/avl/3587/download-matching-report/
Vision Bus,3605,0.0,https://publish.bus-data.dft.gov.uk/org/582/dataset/avl/3605/download-matching-report/
Cumfybus,3607,0.0,https://publish.bus-data.dft.gov.uk/org/4/dataset/avl/3607/download-matching-report/
Chalkwell,3609,0.0,https://publish.bus-data.dft.gov.uk/org/398/dataset/avl/3609/download-matching-report/
Atlantic Travel,3610,0.0,https://publish.bus-data.dft.gov.uk/org/531/dataset/avl/3610/download-matching-report/
Wright Bros Coaches,3617,50.0,https://publish.bus-data.dft.gov.uk/org/218/dataset/avl/3617/download-matching-report/
Nexus Move,3624,0.0,https://publish.bus-data.dft.gov.uk/org/598/dataset/avl/3624/download-matching-report/
Kevs Cars & Coaches,3640,91.0,https://publish.bus-data.dft.gov.uk/org/164/dataset/avl/3640/download-matching-report/
Belle Vue,3641,89.0,https://publish.bus-data.dft.gov.uk/org/537/dataset/avl/3641/download-matching-report/
Hollinshead Coaches,3645,0.0,https://publish.bus-data.dft.gov.uk/org/553/dataset/avl/3645/download-matching-report/
TK Travel,3647,0.0,https://publish.bus-data.dft.gov.uk/org/410/dataset/avl/3647/download-matching-report/
Marshalls of Sutton on Trent,3650,100.0,https://publish.bus-data.dft.gov.uk/org/269/dataset/avl/3650/download-matching-report/
Coachstyle,3683,0.0,https://publish.bus-data.dft.gov.uk/org/446/dataset/avl/3683/download-matching-report/
Beeline Coaches,3684,,
Nu-Venture,3688,0.0,https://publish.bus-data.dft.gov.uk/org/324/dataset/avl/3688/download-matching-report/
Fowlers Travel,3695,7.0,https://publish.bus-data.dft.gov.uk/org/94/dataset/avl/3695/download-matching-report/
Coventry Minibuses,3806,50.0,https://publish.bus-data.dft.gov.uk/org/709/dataset/avl/3806/download-matching-report/
Go-Ahead,788,4.0,https://publish.bus-data.dft.gov.uk/org/10/dataset/avl/788/download-matching-report/
Go-Ahead,786,0.0,https://publish.bus-data.dft.gov.uk/org/10/dataset/avl/786/download-matching-report/
HCT Group,3810,,
Reays Coaches,3939,0.0,https://publish.bus-data.dft.gov.uk/org/214/dataset/avl/3939/download-matching-report/
Sanders Coaches,4020,18.0,https://publish.bus-data.dft.gov.uk/org/185/dataset/avl/4020/download-matching-report/
Bayliss Executive Travel,4025,,
Station Coaches,4254,8.0,https://publish.bus-data.dft.gov.uk/org/385/dataset/avl/4254/download-matching-report/
Rooster Bus Ltd,4323,,
Jacksons of Silsden,4445,0.0,https://publish.bus-data.dft.gov.uk/org/557/dataset/avl/4445/download-matching-report/
Country Bus,4696,32.0,https://publish.bus-data.dft.gov.uk/org/65/dataset/avl/4696/download-matching-report/
Lawson's of Corby,4711,0.0,https://publish.bus-data.dft.gov.uk/org/110/dataset/avl/4711/download-matching-report/
Eurocoaches Ltd,4731,,
The Big Lemon CIC,4801,0.0,https://publish.bus-data.dft.gov.uk/org/228/dataset/avl/4801/download-matching-report/
Arriva UK Bus,713,96.0,https://publish.bus-data.dft.gov.uk/org/63/dataset/avl/713/download-matching-report/
Arriva UK Bus,711,98.0,https://publish.bus-data.dft.gov.uk/org/63/dataset/avl/711/download-matching-report/
Arriva UK Bus,704,89.0,https://publish.bus-data.dft.gov.uk/org/63/dataset/avl/704/download-matching-report/
Arriva UK Bus,690,97.0,https://publish.bus-data.dft.gov.uk/org/63/dataset/avl/690/download-matching-report/
Dents Coaches,4896,0.0,https://publish.bus-data.dft.gov.uk/org/92/dataset/avl/4896/download-matching-report/
Holmeswood Coaches Ltd,4901,48.0,https://publish.bus-data.dft.gov.uk/org/77/dataset/avl/4901/download-matching-report/
Holmeswood Coaches Ltd,5048,39.0,https://publish.bus-data.dft.gov.uk/org/77/dataset/avl/5048/download-matching-report/
Roselyn Coaches,5152,,
Roselyn Coaches,5234,,
Horseman Coaches,5342,,
Lords Travel,5439,100.0,https://publish.bus-data.dft.gov.uk/org/181/dataset/avl/5439/download-matching-report/
Thornes Independent Ltd,5459,0.0,https://publish.bus-data.dft.gov.uk/org/393/dataset/avl/5459/download-matching-report/
First Bus,5863,79.0,https://publish.bus-data.dft.gov.uk/org/16/dataset/avl/5863/download-matching-report/
Carlone Buses,5867,90.0,https://publish.bus-data.dft.gov.uk/org/232/dataset/avl/5867/download-matching-report/
Border Rambler,5978,0.0,https://publish.bus-data.dft.gov.uk/org/543/dataset/avl/5978/download-matching-report/
Bennetts Coaches Limited,5994,,
Langston & Tasker,6005,100.0,https://publish.bus-data.dft.gov.uk/org/253/dataset/avl/6005/download-matching-report/
Herberts Travel,6013,33.0,https://publish.bus-data.dft.gov.uk/org/359/dataset/avl/6013/download-matching-report/
Stantons of Stoke,6014,,
Coatham Coaches,2506,0.0,https://publish.bus-data.dft.gov.uk/org/529/dataset/avl/2506/download-matching-report/
A & M Group - Flexibus,6033,100.0,https://publish.bus-data.dft.gov.uk/org/50/dataset/avl/6033/download-matching-report/
Reliance Motor Services Limited,6101,45.0,https://publish.bus-data.dft.gov.uk/org/191/dataset/avl/6101/download-matching-report/
Seaford and District Motor Services Ltd,6112,,
Falcon Buses,870,71.0,https://publish.bus-data.dft.gov.uk/org/237/dataset/avl/870/download-matching-report/
RATP Dev London,6128,0.0,https://publish.bus-data.dft.gov.uk/org/238/dataset/avl/6128/download-matching-report/
Ron W Dew & Son Ltd,6184,30.0,https://publish.bus-data.dft.gov.uk/org/178/dataset/avl/6184/download-matching-report/
Compass Travel,6198,69.0,https://publish.bus-data.dft.gov.uk/org/291/dataset/avl/6198/download-matching-report/
York Pullman Bus Company,6202,,
Faresaver Buses,6382,56.0,https://publish.bus-data.dft.gov.uk/org/86/dataset/avl/6382/download-matching-report/
Shoreline Suncruisers Ltd,6383,7.0,https://publish.bus-data.dft.gov.uk/org/390/dataset/avl/6383/download-matching-report/
Felix Taxis & Co.,6500,100.0,https://publish.bus-data.dft.gov.uk/org/201/dataset/avl/6500/download-matching-report/
Black Cat Travel Ltd,6532,15.0,https://publish.bus-data.dft.gov.uk/org/894/dataset/avl/6532/download-matching-report/
Panther Travel,6688,0.0,https://publish.bus-data.dft.gov.uk/org/133/dataset/avl/6688/download-matching-report/
South West Coaches,6815,4.0,https://publish.bus-data.dft.gov.uk/org/507/dataset/avl/6815/download-matching-report/
Aschrofts Travel,6816,56.0,https://publish.bus-data.dft.gov.uk/org/589/dataset/avl/6816/download-matching-report/
Vale Travel,6817,100.0,https://publish.bus-data.dft.gov.uk/org/264/dataset/avl/6817/download-matching-report/
Stewarts Coaches Ltd,6945,0.0,https://publish.bus-data.dft.gov.uk/org/412/dataset/avl/6945/download-matching-report/
GO-Coach Hire Ltd,6979,29.0,https://publish.bus-data.dft.gov.uk/org/329/dataset/avl/6979/download-matching-report/
Safeguard Coaches,7007,0.0,https://publish.bus-data.dft.gov.uk/org/242/dataset/avl/7007/download-matching-report/
Beestons,7134,17.0,https://publish.bus-data.dft.gov.uk/org/44/dataset/avl/7134/download-matching-report/
Stagecoach,7035,44.0,https://publish.bus-data.dft.gov.uk/org/15/dataset/avl/7035/download-matching-report/
Mikro coaches,7166,0.0,https://publish.bus-data.dft.gov.uk/org/798/dataset/avl/7166/download-matching-report/
Beeline Coaches,7185,0.0,https://publish.bus-data.dft.gov.uk/org/439/dataset/avl/7185/download-matching-report/
Arrow Taxi,7223,,
Greenslades Tours (Exeter) Ltd,7292,0.0,https://publish.bus-data.dft.gov.uk/org/895/dataset/avl/7292/download-matching-report/
TM Travel Ltd,7346,52.0,https://publish.bus-data.dft.gov.uk/org/69/dataset/avl/7346/download-matching-report/
Walsall Community Transport,7385,0.0,https://publish.bus-data.dft.gov.uk/org/307/dataset/avl/7385/download-matching-report/
Daniel Trent TA Dan's Coach Travel,7454,100.0,https://publish.bus-data.dft.gov.uk/org/892/dataset/avl/7454/download-matching-report/
York Pullman Bus Company,7501,100.0,https://publish.bus-data.dft.gov.uk/org/254/dataset/avl/7501/download-matching-report/
Taw & Torridge Coaches Ltd,7576,65.0,https://publish.bus-data.dft.gov.uk/org/512/dataset/avl/7576/download-matching-report/
Reptons Coaches,7654,0.0,https://publish.bus-data.dft.gov.uk/org/240/dataset/avl/7654/download-matching-report/
Transdev,7680,95.0,https://publish.bus-data.dft.gov.uk/org/2/dataset/avl/7680/download-matching-report/
Transdev,7681,91.0,https://publish.bus-data.dft.gov.uk/org/2/dataset/avl/7681/download-matching-report/
Grayscroft Coaches,7704,0.0,https://publish.bus-data.dft.gov.uk/org/96/dataset/avl/7704/download-matching-report/
Cuckmere Buses,7717,70.0,https://publish.bus-data.dft.gov.uk/org/41/dataset/avl/7717/download-matching-report/
Go-Ahead,7718,89.0,https://publish.bus-data.dft.gov.uk/org/10/dataset/avl/7718/download-matching-report/
Go-Ahead,7719,36.0,https://publish.bus-data.dft.gov.uk/org/10/dataset/avl/7719/download-matching-report/
Go-Ahead,7720,75.0,https://publish.bus-data.dft.gov.uk/org/10/dataset/avl/7720/download-matching-report/
Go-Ahead,7721,0.0,https://publish.bus-data.dft.gov.uk/org/10/dataset/avl/7721/download-matching-report/
Warrington’s Own Buses,7762,81.0,https://publish.bus-data.dft.gov.uk/org/26/dataset/avl/7762/download-matching-report/
Grant Palmer,7767,0.0,https://publish.bus-data.dft.gov.uk/org/108/dataset/avl/7767/download-matching-report/
Redwoods Travel,7798,50.0,https://publish.bus-data.dft.gov.uk/org/223/dataset/avl/7798/download-matching-report/
Reading Buses,7829,88.0,https://publish.bus-data.dft.gov.uk/org/7/dataset/avl/7829/download-matching-report/
Charltons,7835,100.0,https://publish.bus-data.dft.gov.uk/org/600/dataset/avl/7835/download-matching-report/
First Bus,7836,97.0,https://publish.bus-data.dft.gov.uk/org/16/dataset/avl/7836/download-matching-report/
First Bus,7842,89.0,https://publish.bus-data.dft.gov.uk/org/16/dataset/avl/7842/download-matching-report/
Sullivan Buses,7858,12.0,https://publish.bus-data.dft.gov.uk/org/244/dataset/avl/7858/download-matching-report/
PC Coaches,7861,22.0,https://publish.bus-data.dft.gov.uk/org/100/dataset/avl/7861/download-matching-report/
Kinch Buses,7865,27.0,https://publish.bus-data.dft.gov.uk/org/194/dataset/avl/7865/download-matching-report/
Rotala Group of Companies,7869,90.0,https://publish.bus-data.dft.gov.uk/org/53/dataset/avl/7869/download-matching-report/
Rotala Group of Companies,7870,97.0,https://publish.bus-data.dft.gov.uk/org/53/dataset/avl/7870/download-matching-report/
Hunts Coaches,7873,0.0,https://publish.bus-data.dft.gov.uk/org/98/dataset/avl/7873/download-matching-report/
White Bus,7883,52.0,https://publish.bus-data.dft.gov.uk/org/246/dataset/avl/7883/download-matching-report/
First Bus,7889,21.0,https://publish.bus-data.dft.gov.uk/org/16/dataset/avl/7889/download-matching-report/
Ipswich Buses,7898,38.0,https://publish.bus-data.dft.gov.uk/org/127/dataset/avl/7898/download-matching-report/
First Bus,7900,81.0,https://publish.bus-data.dft.gov.uk/org/16/dataset/avl/7900/download-matching-report/
Sleafordian,7901,70.0,https://publish.bus-data.dft.gov.uk/org/101/dataset/avl/7901/download-matching-report/
Uno,7907,92.0,https://publish.bus-data.dft.gov.uk/org/22/dataset/avl/7907/download-matching-report/
Uno,7908,0.0,https://publish.bus-data.dft.gov.uk/org/22/dataset/avl/7908/download-matching-report/
WNCT LTD,7916,98.0,https://publish.bus-data.dft.gov.uk/org/71/dataset/avl/7916/download-matching-report/
Blackburn Private Hire,7918,100.0,https://publish.bus-data.dft.gov.uk/org/382/dataset/avl/7918/download-matching-report/
Coastliner Buses,7920,40.0,https://publish.bus-data.dft.gov.uk/org/300/dataset/avl/7920/download-matching-report/
Grayline Coaches,7922,100.0,https://publish.bus-data.dft.gov.uk/org/250/dataset/avl/7922/download-matching-report/
Transport Connect,7924,89.0,https://publish.bus-data.dft.gov.uk/org/102/dataset/avl/7924/download-matching-report/
trentbarton,7949,26.0,https://publish.bus-data.dft.gov.uk/org/9/dataset/avl/7949/download-matching-report/
First Bus,7961,80.0,https://publish.bus-data.dft.gov.uk/org/16/dataset/avl/7961/download-matching-report/
Go-Ahead,7996,79.0,https://publish.bus-data.dft.gov.uk/org/10/dataset/avl/7996/download-matching-report/
Thames Valley Buses,8008,92.0,https://publish.bus-data.dft.gov.uk/org/234/dataset/avl/8008/download-matching-report/
Oakleys Coaches,8012,0.0,https://publish.bus-data.dft.gov.uk/org/493/dataset/avl/8012/download-matching-report/
Craig of Campbeltown Ltd,8022,3.0,https://publish.bus-data.dft.gov.uk/org/76/dataset/avl/8022/download-matching-report/
Wright Bros Coaches,8026,,
A Lyles & Son,8032,100.0,https://publish.bus-data.dft.gov.uk/org/292/dataset/avl/8032/download-matching-report/
AC Williams,8039,,
Minsterley Motors Ltd,8042,83.0,https://publish.bus-data.dft.gov.uk/org/140/dataset/avl/8042/download-matching-report/
Newport Transport Ltd,8048,100.0,https://publish.bus-data.dft.gov.uk/org/696/dataset/avl/8048/download-matching-report/
L & G Coaches,8053,,
Tanat Valley Coaches,8056,0.0,https://publish.bus-data.dft.gov.uk/org/317/dataset/avl/8056/download-matching-report/
Sargeants Bros. Coaches Ltd,8069,0.0,https://publish.bus-data.dft.gov.uk/org/139/dataset/avl/8069/download-matching-report/
Go-Ahead,8071,75.0,https://publish.bus-data.dft.gov.uk/org/10/dataset/avl/8071/download-matching-report/
Bennetts Travel,8078,,
Ellenvale Coaches,8080,0.0,https://publish.bus-data.dft.gov.uk/org/207/dataset/avl/8080/download-matching-report/
Ensign Bus,8082,63.0,https://publish.bus-data.dft.gov.uk/org/18/dataset/avl/8082/download-matching-report/
Our Bus,8083,10.0,https://publish.bus-data.dft.gov.uk/org/186/dataset/avl/8083/download-matching-report/
Phil Haines Coaches,8113,,
West Berkshire Council,8119,96.0,https://publish.bus-data.dft.gov.uk/org/259/dataset/avl/8119/download-matching-report/
Cardinal Buses,8131,,
Sullivan Buses,8136,7.0,https://publish.bus-data.dft.gov.uk/org/244/dataset/avl/8136/download-matching-report/
Notts & Derby Traction Co. Limited,8140,58.0,https://publish.bus-data.dft.gov.uk/org/74/dataset/avl/8140/download-matching-report/
Regent Coaches,8158,0.0,https://publish.bus-data.dft.gov.uk/org/82/dataset/avl/8158/download-matching-report/
Aston Coaches,8172,42.0,https://publish.bus-data.dft.gov.uk/org/159/dataset/avl/8172/download-matching-report/
Moving People,8214,0.0,https://publish.bus-data.dft.gov.uk/org/383/dataset/avl/8214/download-matching-report/
Richmonds Coaches,8230,77.0,https://publish.bus-data.dft.gov.uk/org/87/dataset/avl/8230/download-matching-report/
London Vintage Bus Hire (trading as The London Bus Company),8241,0.0,https://publish.bus-data.dft.gov.uk/org/130/dataset/avl/8241/download-matching-report/
Harrogate Coach Travel Ltd,8262,1.0,https://publish.bus-data.dft.gov.uk/org/30/dataset/avl/8262/download-matching-report/
Mil-Ken Travel,8270,100.0,https://publish.bus-data.dft.gov.uk/org/913/dataset/avl/8270/download-matching-report/
HCT Group,8292,,
Whippet Coaches,8295,96.0,https://publish.bus-data.dft.gov.uk/org/114/dataset/avl/8295/download-matching-report/
Feline Executive Travel,8296,83.0,https://publish.bus-data.dft.gov.uk/org/190/dataset/avl/8296/download-matching-report/
Pauls Travel,8303,0.0,https://publish.bus-data.dft.gov.uk/org/295/dataset/avl/8303/download-matching-report/
Red Rose Travel,8350,67.0,https://publish.bus-data.dft.gov.uk/org/251/dataset/avl/8350/download-matching-report/
Britannia Luxury Coaches,8373,,
Coach Events Services Ltd,8375,,
First & Last Mile,8377,0.0,https://publish.bus-data.dft.gov.uk/org/897/dataset/avl/8377/download-matching-report/
Lee Woad T/A Sweynes,8378,,
C G Myall & Son,8389,0.0,https://publish.bus-data.dft.gov.uk/org/119/dataset/avl/8389/download-matching-report/
A & J Coaches,8392,,
Cresta Coaches,8420,0.0,https://publish.bus-data.dft.gov.uk/org/451/dataset/avl/8420/download-matching-report/
Pilkingtonbus,8467,46.0,https://publish.bus-data.dft.gov.uk/org/296/dataset/avl/8467/download-matching-report/
First Bus,8580,90.0,https://publish.bus-data.dft.gov.uk/org/16/dataset/avl/8580/download-matching-report/
Hornsby Travel Ltd,805,90.0,https://publish.bus-data.dft.gov.uk/org/219/dataset/avl/805/download-matching-report/
Vectare,7693,82.0,https://publish.bus-data.dft.gov.uk/org/225/dataset/avl/7693/download-matching-report/
Marshopper Ltd,8859,,
Royal Buses,8920,,
Gem Travel,9022,0.0,https://publish.bus-data.dft.gov.uk/org/703/dataset/avl/9022/download-matching-report/
First Bus,9088,94.0,https://publish.bus-data.dft.gov.uk/org/16/dataset/avl/9088/download-matching-report/
Ashcrofts Mini Travel,9091,,
Coastal & Country Coaches,9110,,
Chepstow Classic Buses,9135,,
Gateshead Central Taxis,4794,0.0,https://publish.bus-data.dft.gov.uk/org/838/dataset/avl/4794/download-matching-report/
Rotala Group of Companies,9189,85.0,https://publish.bus-data.dft.gov.uk/org/53/dataset/avl/9189/download-matching-report/
Lakeland Commercials,3960,0.0,https://publish.bus-data.dft.gov.uk/org/211/dataset/avl/3960/download-matching-report/
Go-Ahead,9264,89.0,https://publish.bus-data.dft.gov.uk/org/10/dataset/avl/9264/download-matching-report/
Gateshead Central Taxis,9419,0.0,https://publish.bus-data.dft.gov.uk/org/838/dataset/avl/9419/download-matching-report/
Stotts Tours,9435,22.0,https://publish.bus-data.dft.gov.uk/org/197/dataset/avl/9435/download-matching-report/
Gateshead Central Taxis,9442,0.0,https://publish.bus-data.dft.gov.uk/org/838/dataset/avl/9442/download-matching-report/
Stotts Tours,9445,33.0,https://publish.bus-data.dft.gov.uk/org/197/dataset/avl/9445/download-matching-report/
Stotts Tours,6230,23.0,https://publish.bus-data.dft.gov.uk/org/197/dataset/avl/6230/download-matching-report/
Stotts Tours,9484,23.0,https://publish.bus-data.dft.gov.uk/org/197/dataset/avl/9484/download-matching-report/
Galleon Travel (trading as Trustybus/Central Connect),9529,55.0,https://publish.bus-data.dft.gov.uk/org/125/dataset/avl/9529/download-matching-report/
Ross Travel,9544,0.0,https://publish.bus-data.dft.gov.uk/org/389/dataset/avl/9544/download-matching-report/
TLC Travel Ltd,9608,62.0,https://publish.bus-data.dft.gov.uk/org/392/dataset/avl/9608/download-matching-report/
Brian Jones Coaches,9619,,
Lucketts Travel,9730,,
A-Line Coaches,9752,61.0,https://publish.bus-data.dft.gov.uk/org/533/dataset/avl/9752/download-matching-report/
N.N. Cresswell,9754,,
The Green Bus,9795,,
St Ives Bus Co Ltd,9845,0.0,https://publish.bus-data.dft.gov.uk/org/885/dataset/avl/9845/download-matching-report/
Gateshead Central Taxis,9876,0.0,https://publish.bus-data.dft.gov.uk/org/838/dataset/avl/9876/download-matching-report/
Squarepeg,9944,82.0,https://publish.bus-data.dft.gov.uk/org/573/dataset/avl/9944/download-matching-report/
First Bus,9950,85.0,https://publish.bus-data.dft.gov.uk/org/16/dataset/avl/9950/download-matching-report/
Altonian Coaches Limted,10032,90.0,https://publish.bus-data.dft.gov.uk/org/928/dataset/avl/10032/download-matching-report/
Yorkshire Travel Group Ltd t/a Yorkshire Buses,10033,20.0,https://publish.bus-data.dft.gov.uk/org/934/dataset/avl/10033/download-matching-report/
Stagecoach,10058,60.0,https://publish.bus-data.dft.gov.uk/org/15/dataset/avl/10058/download-matching-report/
Centaur Coaches,10062,0.0,https://publish.bus-data.dft.gov.uk/org/421/dataset/avl/10062/download-matching-report/
Bullocks Coaches,10197,,
The Big Lemon CIC,10220,65.0,https://publish.bus-data.dft.gov.uk/org/228/dataset/avl/10220/download-matching-report/
Wilfreda Luxury Coaches Ltd,10383,,
Abus,10408,0.0,https://publish.bus-data.dft.gov.uk/org/908/dataset/avl/10408/download-matching-report/
Taxico (Aimee's),10447,100.0,https://publish.bus-data.dft.gov.uk/org/58/dataset/avl/10447/download-matching-report/
Bear Buses,10449,100.0,https://publish.bus-data.dft.gov.uk/org/230/dataset/avl/10449/download-matching-report/
Mulleys Motorways,10531,94.0,https://publish.bus-data.dft.gov.uk/org/11/dataset/avl/10531/download-matching-report/
Globe Holidays Ltd,10543,16.0,https://publish.bus-data.dft.gov.uk/org/887/dataset/avl/10543/download-matching-report/
National Express West Midlands,10609,78.0,https://publish.bus-data.dft.gov.uk/org/62/dataset/avl/10609/download-matching-report/
Star Travel,10617,0.0,https://publish.bus-data.dft.gov.uk/org/263/dataset/avl/10617/download-matching-report/
M&R Travel,10823,,
Grindles Coaches,10824,,
Flagfinders,10827,0.0,https://publish.bus-data.dft.gov.uk/org/123/dataset/avl/10827/download-matching-report/
Irving of Dalston,10830,0.0,https://publish.bus-data.dft.gov.uk/org/381/dataset/avl/10830/download-matching-report/
Catteralls,10831,,
Berry's Coaches,10856,0.0,https://publish.bus-data.dft.gov.uk/org/440/dataset/avl/10856/download-matching-report/
Redroute Buses,10871,35.0,https://publish.bus-data.dft.gov.uk/org/328/dataset/avl/10871/download-matching-report/
First Bus,10878,82.0,https://publish.bus-data.dft.gov.uk/org/16/dataset/avl/10878/download-matching-report/
Hatch Green Coaches,10883,23.0,https://publish.bus-data.dft.gov.uk/org/136/dataset/avl/10883/download-matching-report/
Harpur's Coaches Ltd,10915,0.0,https://publish.bus-data.dft.gov.uk/org/724/dataset/avl/10915/download-matching-report/
Derbyshire Community Transport,10919,100.0,https://publish.bus-data.dft.gov.uk/org/744/dataset/avl/10919/download-matching-report/
Lakeside Coaches Ltd,10938,14.0,https://publish.bus-data.dft.gov.uk/org/141/dataset/avl/10938/download-matching-report/
GEM Mini Travel Ltd,10945,,
West Oxfordshire Community Transport,10998,0.0,https://publish.bus-data.dft.gov.uk/org/258/dataset/avl/10998/download-matching-report/
Stevenson's Travel,11048,100.0,https://publish.bus-data.dft.gov.uk/org/391/dataset/avl/11048/download-matching-report/
Community Transport South Wiltshire,11072,0.0,https://publish.bus-data.dft.gov.uk/org/951/dataset/avl/11072/download-matching-report/
Yeos Contracts,11090,0.0,https://publish.bus-data.dft.gov.uk/org/525/dataset/avl/11090/download-matching-report/
Somerset County Council,11125,14.0,https://publish.bus-data.dft.gov.uk/org/505/dataset/avl/11125/download-matching-report/
NIBSbuses Limited,11175,100.0,https://publish.bus-data.dft.gov.uk/org/67/dataset/avl/11175/download-matching-report/
Swanbrook Coaches,11254,0.0,https://publish.bus-data.dft.gov.uk/org/509/dataset/avl/11254/download-matching-report/
Lloyds Coaches,11338,5.0,https://publish.bus-data.dft.gov.uk/org/144/dataset/avl/11338/download-matching-report/
Z&S Transport,11389,86.0,https://publish.bus-data.dft.gov.uk/org/115/dataset/avl/11389/download-matching-report/
First Bus,11393,74.0,https://publish.bus-data.dft.gov.uk/org/16/dataset/avl/11393/download-matching-report/
MD Bus & Coach,11398,0.0,https://publish.bus-data.dft.gov.uk/org/384/dataset/avl/11398/download-matching-report/
Manchester Bus Tours LTD,11400,28.0,https://publish.bus-data.dft.gov.uk/org/889/dataset/avl/11400/download-matching-report/
Henshaw's Executive Travel,11440,25.0,https://publish.bus-data.dft.gov.uk/org/165/dataset/avl/11440/download-matching-report/
Aintree Coaches,11447,38.0,https://publish.bus-data.dft.gov.uk/org/534/dataset/avl/11447/download-matching-report/
McCall's Coaches Ltd,11505,0.0,https://publish.bus-data.dft.gov.uk/org/925/dataset/avl/11505/download-matching-report/
KEANE TRAVEL LIMITED,11536,0.0,https://publish.bus-data.dft.gov.uk/org/378/dataset/avl/11536/download-matching-report/
Britannia Bus,11583,0.0,https://publish.bus-data.dft.gov.uk/org/42/dataset/avl/11583/download-matching-report/
JW Lodge & Sons,11713,,
Hawkes Coaches,11714,0.0,https://publish.bus-data.dft.gov.uk/org/762/dataset/avl/11714/download-matching-report/
4K Travel,11734,,
Dartmouth Steam Railway And River Boat Company,11746,,
Hulleys of Baslow,11769,14.0,https://publish.bus-data.dft.gov.uk/org/59/dataset/avl/11769/download-matching-report/
Peter Hodgson,11772,,
Fargo Coaches,11816,,
John Dix Travel LTD,11817,,
A B Coaches Ltd,11827,,
Nottingham Minibuses & Coaches Ltd,11840,15.0,https://publish.bus-data.dft.gov.uk/org/280/dataset/avl/11840/download-matching-report/
Acme Bus Co,11979,0.0,https://publish.bus-data.dft.gov.uk/org/314/dataset/avl/11979/download-matching-report/
Martock Minibuses Ltd T/A Vickery’s Coaches,12027,0.0,https://publish.bus-data.dft.gov.uk/org/874/dataset/avl/12027/download-matching-report/
Midland Classic,12029,82.0,https://publish.bus-data.dft.gov.uk/org/34/dataset/avl/12029/download-matching-report/
Procters Coaches,12035,0.0,https://publish.bus-data.dft.gov.uk/org/401/dataset/avl/12035/download-matching-report/
F R Willetts,12054,16.0,https://publish.bus-data.dft.gov.uk/org/467/dataset/avl/12054/download-matching-report/
Ron W Dew & Son Ltd,12077,0.0,https://publish.bus-data.dft.gov.uk/org/178/dataset/avl/12077/download-matching-report/
Procters Coaches,12098,0.0,https://publish.bus-data.dft.gov.uk/org/401/dataset/avl/12098/download-matching-report/
Discover Dorset,12107,,
Xelabus,12147,52.0,https://publish.bus-data.dft.gov.uk/org/273/dataset/avl/12147/download-matching-report/
Coach Services,12152,100.0,https://publish.bus-data.dft.gov.uk/org/176/dataset/avl/12152/download-matching-report/
Kent Coach Tours,12153,100.0,https://publish.bus-data.dft.gov.uk/org/576/dataset/avl/12153/download-matching-report/
N.N. Cresswell,12155,,
Masons Travel,12203,,
Varteg Motors Ltd T/A Phil Anslow Coaches,12251,0.0,https://publish.bus-data.dft.gov.uk/org/496/dataset/avl/12251/download-matching-report/
Alpha Coaches,12257,,
National Express (UK Coach),12319,0.0,https://publish.bus-data.dft.gov.uk/org/631/dataset/avl/12319/download-matching-report/
Woods Coaches Ltd,12409,,
Yarranton Brothers,12411,0.0,https://publish.bus-data.dft.gov.uk/org/173/dataset/avl/12411/download-matching-report/
Steve Keats of Sheffield,12463,,
Rotala Group of Companies,12521,61.0,https://publish.bus-data.dft.gov.uk/org/53/dataset/avl/12521/download-matching-report/
Bland's (Rutland) Ltd,12560,65.0,https://publish.bus-data.dft.gov.uk/org/99/dataset/avl/12560/download-matching-report/
M R D,12564,0.0,https://publish.bus-data.dft.gov.uk/org/169/dataset/avl/12564/download-matching-report/
Transport for Greater Manchester,12582,4.0,https://publish.bus-data.dft.gov.uk/org/978/dataset/avl/12582/download-matching-report/
Transport for Greater Manchester,12592,92.0,https://publish.bus-data.dft.gov.uk/org/978/dataset/avl/12592/download-matching-report/
Coopers Tours Ltd,12630,0.0,https://publish.bus-data.dft.gov.uk/org/970/dataset/avl/12630/download-matching-report/
Belle Coaches,12642,57.0,https://publish.bus-data.dft.gov.uk/org/828/dataset/avl/12642/download-matching-report/
Taylors Travel,12674,,
Royal Buses,12685,,
LA Travel (Midlands) Ltd T/A South Staffs,12690,,
Thandi Red Ltd,12780,0.0,https://publish.bus-data.dft.gov.uk/org/915/dataset/avl/12780/download-matching-report/
Taunton School Enterprises Ltd,12791,,
Transport for Greater Manchester,12879,79.0,https://publish.bus-data.dft.gov.uk/org/978/dataset/avl/12879/download-matching-report/
Transport for Greater Manchester,12880,85.0,https://publish.bus-data.dft.gov.uk/org/978/dataset/avl/12880/download-matching-report/
ASD Coaches,12968,0.0,https://publish.bus-data.dft.gov.uk/org/284/dataset/avl/12968/download-matching-report/
Top Mops Limited,12986,100.0,https://publish.bus-data.dft.gov.uk/org/896/dataset/avl/12986/download-matching-report/
Safeway Coaches Ltd,12987,,
Lichfield City Coaches,13256,100.0,https://publish.bus-data.dft.gov.uk/org/976/dataset/avl/13256/download-matching-report/
HOWARDS TRAVEL AND OMEGA BUSWAYS LIMITED,13259,0.0,https://publish.bus-data.dft.gov.uk/org/959/dataset/avl/13259/download-matching-report/
Crosskeys Coaches,13281,,
David Goodfellow Travel,13343,0.0,https://publish.bus-data.dft.gov.uk/org/931/dataset/avl/13343/download-matching-report/
1st Bus Stop Ltd,13355,,
David Goodfellow Travel,13364,0.0,https://publish.bus-data.dft.gov.uk/org/931/dataset/avl/13364/download-matching-report/
R & S Watersons,13365,21.0,https://publish.bus-data.dft.gov.uk/org/388/dataset/avl/13365/download-matching-report/
A and J Taxis,13405,,
Taylors Coach Travel Ltd,13407,,
Autocar Bus & Coach Services,13421,,
Sharpes of Nottingham,13472,,
Golden Tours,13480,0.0,https://publish.bus-data.dft.gov.uk/org/592/dataset/avl/13480/download-matching-report/
Duck Tours,13481,0.0,https://publish.bus-data.dft.gov.uk/org/746/dataset/avl/13481/download-matching-report/
CAWTHORNE'S TRAVEL LTD,13504,,
Ensign Bus,13575,,
Britannia Coaches,13593,100.0,https://publish.bus-data.dft.gov.uk/org/341/dataset/avl/13593/download-matching-report/
Pats Coaches,13624,0.0,https://publish.bus-data.dft.gov.uk/org/147/dataset/avl/13624/download-matching-report/
Clarkes of London,13642,0.0,https://publish.bus-data.dft.gov.uk/org/422/dataset/avl/13642/download-matching-report/
Sheffield Community Transport,13650,0.0,https://publish.bus-data.dft.gov.uk/org/680/dataset/avl/13650/download-matching-report/
Hedge the Distance,13673,0.0,https://publish.bus-data.dft.gov.uk/org/763/dataset/avl/13673/download-matching-report/
Travel Express,13701,49.0,https://publish.bus-data.dft.gov.uk/org/306/dataset/avl/13701/download-matching-report/
Solus Coaches,13797,100.0,https://publish.bus-data.dft.gov.uk/org/804/dataset/avl/13797/download-matching-report/
Stantons of Stoke,13799,0.0,https://publish.bus-data.dft.gov.uk/org/57/dataset/avl/13799/download-matching-report/
Blue Buses,13803,0.0,https://publish.bus-data.dft.gov.uk/org/157/dataset/avl/13803/download-matching-report/
BM Coaches and Rental Ltd,13819,0.0,https://publish.bus-data.dft.gov.uk/org/627/dataset/avl/13819/download-matching-report/
Peoples Bus,13874,,
Star Cabs,13879,73.0,https://publish.bus-data.dft.gov.uk/org/597/dataset/avl/13879/download-matching-report/
Liverpool City Sights,13990,0.0,https://publish.bus-data.dft.gov.uk/org/776/dataset/avl/13990/download-matching-report/
Stephensons of Essex,14017,0.0,https://publish.bus-data.dft.gov.uk/org/20/dataset/avl/14017/download-matching-report/
A2B Travel Group Ltd,14022,0.0,https://publish.bus-data.dft.gov.uk/org/826/dataset/avl/14022/download-matching-report/
Centrebus Group,14024,90.0,https://publish.bus-data.dft.gov.uk/org/8/dataset/avl/14024/download-matching-report/
Centrebus Group,14025,82.0,https://publish.bus-data.dft.gov.uk/org/8/dataset/avl/14025/download-matching-report/
Centrebus Group,14026,91.0,https://publish.bus-data.dft.gov.uk/org/8/dataset/avl/14026/download-matching-report/
Nottingham City Transport,14029,0.0,https://publish.bus-data.dft.gov.uk/org/25/dataset/avl/14029/download-matching-report/
Green Mountain Travel Ltd,14086,66.0,https://publish.bus-data.dft.gov.uk/org/919/dataset/avl/14086/download-matching-report/
BM Coaches and Rental Ltd,14143,,
Sussex Coaches,14151,,
Telford Coaches,14158,,
